assembly	source_chromosome	normalized_chromosome	orientation
A_digitifera	chr1	chr1	forward
A_digitifera	chr2	chr2	forward
A_digitifera	chr3	chr3	forward
A_digitifera	chr4	chr4	forward
A_digitifera	chr5	chr5	forward
A_digitifera	chr6	chr6	forward
A_digitifera	chr7	chr7	forward
A_digitifera	chr8	chr8	forward
A_digitifera	chr9	chr9	forward
A_digitifera	chr10	chr10	forward
A_digitifera	chr11	chr11	forward
A_digitifera	chr12	chr12	forward
A_digitifera	chr13	chr13	forward
A_digitifera	chr14	chr14	forward
A_millepora	chr1	chr2	forward
A_millepora	chr2	chr3	forward
A_millepora	chr3	chr9	forward
A_millepora	chr4	chr4	forward
A_millepora	chr5	chr5	reverse_complemented
A_millepora	chr6	chr12	reverse_complemented
A_millepora	chr7	chr8	reverse_complemented
A_millepora	chr8	chr1	forward
A_millepora	chr9	chr10	forward
A_millepora	chr10	chr6	reverse_complemented
A_millepora	chr11	chr11	reverse_complemented
A_millepora	chr12	chr13	reverse_complemented
A_millepora	chr13	chr14	reverse_complemented
A_millepora	chr14	chr7	reverse_complemented
A_tenius	chr1	chr1	forward
A_tenius	chr2	chr2	forward
A_tenius	chr3	chr3	forward
A_tenius	chr4	chr4	forward
A_tenius	chr5	chr5	forward
A_tenius	chr6	chr6	forward
A_tenius	chr7	chr7	forward
A_tenius	chr8	chr8	forward
A_tenius	chr9	chr9	forward
A_tenius	chr10	chr10	forward
A_tenius	chr11	chr11	forward
A_tenius	chr12	chr12	forward
A_tenius	chr13	chr13	forward
A_tenius	chr14	chr14	forward
A_cervicornis	chr1	chr2	forward
A_cervicornis	chr2	chr3	reverse_complemented
A_cervicornis	chr3	chr4	reverse_complemented
A_cervicornis	chr4	chr5	forward
A_cervicornis	chr5	chr8	forward
A_cervicornis	chr6	chr12	forward
A_cervicornis	chr7	chr1	forward
A_cervicornis	chr8	chr11	forward
A_cervicornis	chr9	chr14	forward
A_cervicornis	chr10	chr13	forward
A_cervicornis	chr11	chr9	forward
A_cervicornis	chr12	chr10	forward
A_cervicornis	chr13	chr7	reverse_complemented
A_cervicornis	chr14	chr6	reverse_complemented
